,City,Lat,Lng,Max Temp,Humidity,Cloudiness,Wind Speed,Country,Date
0,bredasdorp,-34.5322,20.0403,12.4,84,100,2.05,ZA,1717732087
1,remire-montjoly,4.9167,-52.2667,26.02,100,0,0.0,GF,1717731990
2,isafjordur,66.0755,-23.124,1.2,94,98,8.53,IS,1717732087
3,ancud,-41.8697,-73.8203,10.71,91,82,4.42,CL,1717732087
4,puerto natales,-51.7236,-72.4875,-0.73,96,98,1.08,CL,1717732087
5,hadibu,12.65,54.0333,29.51,73,36,5.74,YE,1717732087
6,edinburgh of the seven seas,-37.0676,-12.3116,15.23,89,38,12.08,SH,1717732088
7,oskaloosa,41.2964,-92.6444,20.18,48,0,4.12,US,1717732088
8,pisco,-13.7,-76.2167,17.03,88,100,2.06,PE,1717732088
9,stanley,54.868,-1.6985,7.01,84,0,6.69,GB,1717732088
10,grytviken,-54.2811,-36.5092,-0.43,89,60,6.59,GS,1717732088
11,blackmans bay,-43.0167,147.3167,12.07,74,72,0.89,AU,1717732088
12,waitangi,-43.9535,-176.5597,9.34,84,10,4.47,NZ,1717732088
13,thompson,55.7435,-97.8558,4.09,93,75,2.57,CA,1717732089
14,albany,42.6001,-73.9662,18.15,94,22,1.66,US,1717732089
15,warrnambool,-38.3833,142.4833,14.89,71,10,4.12,AU,1717732089
16,alice springs,-23.7,133.8833,15.98,36,0,5.85,AU,1717732089
17,new norfolk,-42.7826,147.0587,12.73,66,65,0.67,AU,1717732089
18,kununurra,-15.7667,128.7333,23.63,24,0,7.59,AU,1717732089
19,doschatoye,55.3825,42.1072,17.96,84,30,2.53,RU,1717732089
20,adamstown,-25.066,-130.1015,22.7,76,100,5.93,PN,1717732089
21,ust'-kut,56.7938,105.7672,17.31,27,32,2.56,RU,1717732090
22,keflavik,64.0049,-22.5624,6.24,70,75,10.8,IS,1717732090
23,port-aux-francais,-49.35,70.2167,4.89,81,77,4.76,TF,1717732090
24,uturoa,-16.7333,-151.4333,27.2,76,85,0.94,PF,1717732090
25,cu chi,10.9667,106.4667,33.01,49,100,2.46,VN,1717732090
26,yellowknife,62.456,-114.3525,8.29,76,100,6.69,CA,1717732090
27,ribeira grande,38.5167,-28.7,17.65,80,99,4.47,PT,1717732091
28,wenchang,30.904,118.4887,25.55,66,100,2.24,CN,1717732091
29,ntcheu,-14.8203,34.6359,15.35,64,1,0.39,MW,1717732091
30,kruisfontein,-34.0033,24.7314,14.38,81,72,9.6,ZA,1717732091
31,margaret river,-33.95,115.0667,16.76,46,44,2.25,AU,1717732091
32,hassi messaoud,31.6804,6.0729,26.92,24,0,3.6,DZ,1717732091
33,qaqortoq,60.7167,-46.0333,3.36,98,100,4.2,GL,1717732091
34,makuyuni,-4.7333,38.1,20.03,89,100,1.34,TZ,1717732092
35,avarua,-21.2078,-159.775,23.03,64,20,3.09,CK,1717732092
36,bethel,41.3712,-73.414,21.2,83,1,1.53,US,1717732092
37,lihue,21.9789,-159.3672,29.58,74,100,7.72,US,1717732092
38,ust-nera,64.5667,143.2,23.3,20,88,3.01,RU,1717732092
39,al khawr,25.7667,51.3167,35.3,20,0,2.9,QA,1717732092
40,petropavlovsk-kamchatsky,53.0452,158.6483,20.33,23,0,4.0,RU,1717732092
41,papatowai,-46.5619,169.4708,11.42,91,100,4.1,NZ,1717732093
42,tura,25.5198,90.2201,29.6,75,0,1.6,IN,1717732093
43,hamilton,39.1834,-84.5333,21.35,64,0,2.06,US,1717732093
44,dedenevo,56.25,37.5167,17.86,91,14,3.13,RU,1717732093
45,nadym,65.5333,72.5167,2.76,98,52,1.95,RU,1717732093
46,vorgashor,67.5833,63.95,-1.22,93,73,1.34,RU,1717732093
47,novoishimskiy,53.1981,66.7694,22.91,65,92,5.23,KZ,1717732093
48,kyshtovka,56.555,76.6271,11.86,94,100,2.24,RU,1717732094
49,zuwarah,32.9312,12.082,20.51,55,0,1.97,LY,1717732094
50,saint-philippe,-21.3585,55.7679,20.77,82,47,6.03,RE,1717732094
51,smiltene,57.4244,25.9016,10.86,74,40,2.97,LV,1717732094
52,severo-yeniseyskiy,60.3725,93.0408,10.88,65,82,1.34,RU,1717732094
53,puerto deseado,-47.7503,-65.8938,7.68,92,100,5.26,AR,1717732094
54,mejit,10.2753,170.8646,28.09,84,100,7.78,MH,1717732094
55,kodiak,57.79,-152.4072,7.73,81,100,3.6,US,1717732095
56,san antonio de pale,-1.4014,5.6325,25.11,82,87,5.21,GQ,1717732095
57,ushuaia,-54.8,-68.3,-4.19,80,0,1.54,AR,1717732095
58,inhambane,-23.865,35.3833,22.48,90,0,5.19,MZ,1717732095
59,bilibino,68.0546,166.4372,5.33,40,99,6.84,RU,1717732095
60,ulsteinvik,62.3432,5.8487,10.55,75,95,3.58,NO,1717732095
61,dundaga,57.5167,22.35,10.38,85,89,3.42,LV,1717732095
62,tamanrasset,22.785,5.5228,28.95,17,5,8.23,DZ,1717732096
63,sitka,57.0531,-135.33,10.94,66,75,0.0,US,1717732096
64,tafuna,-14.3358,-170.72,28.97,61,40,6.17,AS,1717732096
65,reyes,-14.3167,-67.3833,20.58,71,26,0.66,BO,1717732096
66,longyearbyen,78.2186,15.6401,3.91,65,0,3.6,SJ,1717732025
67,iqaluit,63.7506,-68.5145,0.85,93,75,0.0,CA,1717732096
68,crucecita,-28.95,-58.9833,19.02,87,20,3.03,AR,1717732096
69,dudinka,69.4058,86.1778,-1.29,96,100,8.05,RU,1717732096
70,olonkinbyen,70.9221,-8.7187,0.19,95,79,4.24,SJ,1717732097
71,llandudno,53.325,-3.8315,11.95,85,76,1.79,GB,1717732097
72,leh,34.1667,77.5833,6.71,41,68,2.26,IN,1717732097
73,sos'va,59.1766,61.8558,10.59,96,100,3.13,RU,1717732097
74,tsiombe,-25.3,45.4833,19.19,77,0,1.71,MG,1717732097
75,catalao,-18.1658,-47.9464,16.12,74,0,1.91,BR,1717732097
76,ilulissat,69.2167,-51.1,0.01,100,100,5.66,GL,1717732097
77,myeik,12.4333,98.6,29.0,78,100,4.22,MM,1717732098
78,katabu,-4.9333,122.5167,31.38,53,36,3.82,ID,1717732098
79,boke,10.9409,-14.2967,25.2,89,100,0.75,GN,1717732098
80,lagoa,39.05,-27.9833,17.55,75,100,5.44,PT,1717732098
81,al burayqah,30.4062,19.5739,21.87,83,0,6.43,LY,1717732098
82,kingston,17.997,-76.7936,24.53,100,100,4.63,JM,1717732098
83,verkhnyaya sinyachikha,57.976,61.6673,12.66,94,100,2.95,RU,1717732098
84,camiri,-20.05,-63.5167,15.1,83,0,1.1,BO,1717732099
85,bereznik,62.8551,42.7072,18.61,66,83,1.22,RU,1717732099
86,selfoss,63.9331,-20.9971,3.91,71,32,6.18,IS,1717732099
87,west island,-12.1568,96.8225,28.08,68,24,8.43,CC,1717732099
88,susangerd,31.5608,48.1831,37.05,10,0,1.64,IR,1717732099
89,waingapu,-9.6567,120.2641,28.65,69,51,7.89,ID,1717732099
90,uruacu,-14.5247,-49.1408,19.21,57,0,1.87,BR,1717732099
91,wailua homesteads,22.0669,-159.378,29.24,80,100,7.72,US,1717732100
92,kapa'a,22.0752,-159.319,29.99,80,100,7.72,US,1717732100
93,utrik,11.2278,169.8474,28.1,81,90,7.57,MH,1717732100
94,tanumah,27.1,44.1333,34.58,10,0,3.43,SA,1717732100
95,buenaventura,3.8801,-77.0312,23.7,95,100,1.2,CO,1717732100
96,prince rupert,54.3161,-130.3201,12.05,81,0,4.63,CA,1717732100
97,college,64.8569,-147.8028,19.99,50,75,4.12,US,1717732100
98,broome,42.2506,-75.833,18.67,73,100,2.57,US,1717732101
99,penzance,50.1186,-5.5371,9.38,77,13,5.4,GB,1717732101
100,vilyuysk,63.7553,121.6247,17.78,38,48,2.68,RU,1717732101
101,svetlyy,54.675,20.1347,11.87,89,99,1.89,RU,1717732101
102,namtsy,62.7161,129.6658,22.98,31,77,3.67,RU,1717732101
103,puerto ayora,-0.7393,-90.3518,20.86,97,31,2.91,EC,1717732102
104,iquique,-20.2208,-70.1431,17.02,78,11,0.84,CL,1717732102
105,iskateley,67.6803,53.1512,1.68,98,93,4.02,RU,1717732102
106,ponta delgada,37.7333,-25.6667,18.44,77,40,6.17,PT,1717732102
107,port mathurin,-19.6833,63.4167,23.77,63,70,10.38,MU,1717732103
108,port elizabeth,-33.918,25.5701,15.61,87,40,14.92,ZA,1717732103
109,tiksi,71.6872,128.8694,10.2,63,39,1.82,RU,1717732103
110,maceio,-9.6658,-35.7353,24.69,88,75,1.54,BR,1717732103
111,whakatane,-37.9585,176.9854,16.54,76,73,1.48,NZ,1717732103
112,camocim,-2.9022,-40.8411,25.26,90,100,5.39,BR,1717732103
113,muynoq,43.7683,59.0214,34.25,16,6,4.67,UZ,1717732103
114,almazan,41.4865,-2.5309,17.05,71,100,2.89,ES,1717732104
115,ola,59.5833,151.2833,18.97,80,100,4.2,RU,1717732104
116,jamestown,42.097,-79.2353,18.17,75,0,2.57,US,1717731858
117,kavieng,-2.5744,150.7967,28.26,78,99,3.78,PG,1717732104
118,st. john's,47.5649,-52.7093,8.87,97,100,3.6,CA,1717732094
119,la ronge,55.1001,-105.2842,9.14,66,100,5.66,CA,1717732104
120,new plymouth,-39.0667,174.0833,16.0,100,100,0.87,NZ,1717731853
121,baiti,13.745,-14.7482,27.61,37,89,3.85,SN,1717732105
122,awjilah,29.1081,21.2869,21.9,77,3,6.02,LY,1717732105
123,anton lizardo,19.05,-95.9833,30.12,91,37,2.86,MX,1717732105
124,inongo,-1.95,18.2667,21.01,95,100,1.15,CD,1717732105
125,lompoc,34.6391,-120.4579,17.61,88,100,3.09,US,1717732105
126,sao tome,0.3365,6.7273,25.15,79,100,4.73,ST,1717732039
127,coquimbo,-29.9533,-71.3436,14.43,63,0,0.51,CL,1717732105
128,kapuskasing,49.4169,-82.4331,14.0,88,40,1.03,CA,1717732105
129,al jawf,29.5,38.75,29.69,17,0,1.84,SA,1717732106
130,puerto cabezas,14.0351,-83.3888,27.66,83,65,3.2,NI,1717732106
131,laguna,38.421,-121.4238,30.16,43,0,4.63,US,1717732106
132,shingu,33.7333,135.9833,23.38,60,14,3.19,JP,1717732106
133,papao,-17.75,-149.55,26.82,74,18,1.4,PF,1717732106
134,taltal,-25.4,-70.4833,15.44,81,25,0.26,CL,1717732106
135,smirnovo,54.5125,69.4222,19.01,71,89,4.51,KZ,1717732107
136,caleta de carquin,-11.0925,-77.6267,17.63,85,29,3.98,PE,1717732107
137,kirakira,-10.4544,161.9205,29.22,69,57,5.87,SB,1717732107
138,ellsworth,44.5434,-68.4195,16.27,97,100,2.06,US,1717732107
139,plettenberg bay,-34.0527,23.3716,13.32,85,78,5.85,ZA,1717732107
140,colonia,50.9333,6.95,11.57,85,9,1.03,DE,1717732108
141,badger,64.8,-147.5333,19.95,48,75,4.12,US,1717732108
142,leticia,-4.2153,-69.9406,24.03,100,40,0.0,CO,1717732108
143,nampula,-15.1165,39.2666,19.97,94,20,3.13,MZ,1717732108
144,barreirinha,-2.7933,-57.07,24.31,91,42,1.31,BR,1717732108
145,saipan,15.1355,145.701,33.39,58,20,8.23,MP,1717732108
146,patiya,22.2931,91.9762,31.97,84,40,0.0,BD,1717732108
147,dakhla,23.6848,-15.958,19.22,92,8,5.25,EH,1717732109
148,saldanha,-33.0117,17.9442,13.03,87,82,2.16,ZA,1717732109
149,invercargill,-46.4,168.35,11.12,98,100,2.24,NZ,1717732109
150,punta arenas,-53.15,-70.9167,2.06,93,100,1.54,CL,1717732109
151,uliastay,47.7417,96.8444,19.73,19,50,2.49,MN,1717732109
152,nakasongola,1.3089,32.4564,18.55,93,55,1.13,UG,1717732109
153,shamsabad,27.0167,78.1333,39.92,20,0,3.59,IN,1717732109
154,lawrenceburg,38.0373,-84.8966,21.94,74,0,2.06,US,1717732110
155,praia da vitoria,38.7333,-27.0667,18.14,88,40,4.33,PT,1717732110
156,sanming,26.2486,117.6186,22.53,85,100,0.93,CN,1717732110
157,wenatchee,47.4235,-120.3103,29.16,20,0,6.69,US,1717731941
158,okha,53.5739,142.9478,4.58,90,100,0.89,RU,1717732110
159,point pedro,9.8167,80.2333,28.8,80,100,8.46,LK,1717732110
160,beloyarskiy,63.7119,66.6722,9.46,50,46,2.17,RU,1717732110
161,salahonda,2.1019,-78.7217,26.35,78,86,2.93,CO,1717732110
162,nyagan,62.1406,65.3936,10.28,75,99,3.13,RU,1717732111
163,carnarvon,-24.8667,113.6333,23.7,57,0,4.09,AU,1717732111
164,san diego country estates,33.0067,-116.7836,20.01,80,0,3.09,US,1717732111
165,georgetown,5.4112,100.3354,31.96,70,20,1.54,MY,1717731840
166,brookings,44.3114,-96.7984,16.19,60,0,2.06,US,1717732111
167,sambava,-14.2667,50.1667,21.56,85,72,4.39,MG,1717732111
168,emerald,-23.5333,148.1667,20.19,32,0,2.86,AU,1717732074
169,northam,51.0333,-4.2167,12.01,91,22,3.59,GB,1717732111
170,natal,-5.795,-35.2094,25.36,88,75,2.57,BR,1717732065
171,ondjiva,-17.0667,15.7333,8.02,34,51,0.51,AO,1717732112
172,nikolayevka,53.1257,47.2041,19.92,75,52,2.08,RU,1717732112
173,sarkand,45.41,79.9186,26.03,33,0,3.36,KZ,1717732112
174,dalbandin,28.8947,64.4101,32.42,9,50,1.82,PK,1717732112
175,fort mcmurray,56.7268,-111.381,10.77,71,75,3.6,CA,1717732112
176,hawaiian paradise park,19.5933,-154.9731,26.13,79,100,3.6,US,1717732112
177,akureyri,65.6835,-18.0878,2.96,87,75,6.17,IS,1717732113
178,afaahiti,-17.75,-149.2833,25.93,75,11,1.18,PF,1717732113
179,sanctuary point,-35.1114,150.629,19.3,90,100,6.16,AU,1717732113
180,lander,42.833,-108.7307,22.87,36,8,3.34,US,1717732113
181,korla,41.7597,86.1469,28.33,17,73,2.37,CN,1717732113
182,blagoveshchenka,52.8333,79.8667,20.23,75,86,6.3,RU,1717732114
183,strezhevoy,60.7333,77.5889,13.31,50,100,1.34,RU,1717732114
184,cururupu,-1.8283,-44.8683,22.97,100,96,0.34,BR,1717732114
185,englewood,39.6478,-104.9878,25.72,37,40,6.69,US,1717731878
186,nova sintra,14.8667,-24.7167,23.7,79,4,5.68,CV,1717732114
187,zacatlan,19.9333,-97.9667,14.44,83,5,1.68,MX,1717732114
188,nioki,-2.7167,17.6833,22.18,87,100,0.52,CD,1717732114
189,malango,-2.9627,119.9001,26.9,68,85,1.56,ID,1717732115
190,merritt island,28.5392,-80.672,26.0,91,40,5.14,US,1717732115
191,usakos,-22.0,15.6,8.35,51,0,4.73,NA,1717732115
192,whitehorse,60.7161,-135.0538,13.43,33,20,7.2,CA,1717732004
193,khandyga,62.6667,135.6,24.99,22,99,1.46,RU,1717732115
194,el porvenir,13.7617,-87.3458,25.63,89,97,0.21,HN,1717732115
195,enewetak,11.3474,162.3373,28.1,82,70,7.64,MH,1717732115
196,susuman,62.7833,148.1667,21.1,28,97,8.05,RU,1717732115
197,tobelo,1.7284,128.0095,26.56,83,100,1.87,ID,1717732116
198,soe,-9.8607,124.284,19.22,93,99,1.08,ID,1717732116
199,sola,-13.8833,167.55,26.76,72,95,8.62,VU,1717732116
200,tsengel,49.4783,100.8894,21.34,28,42,8.26,MN,1717732116
201,armacao de buzios,-22.7469,-41.8817,21.03,90,87,5.53,BR,1717732116
202,mahibadhoo,3.7833,72.9667,28.29,76,100,4.47,MV,1717732117
203,nuuk,64.1835,-51.7216,3.34,100,100,0.0,GL,1717732117
204,chifeng,42.2683,118.9636,13.89,80,100,1.33,CN,1717732117
205,libreville,0.3925,9.4537,26.01,78,20,4.12,GA,1717732117
206,east london,-33.0153,27.9116,12.52,82,40,11.83,ZA,1717732117
207,vallenar,-28.5708,-70.7581,18.86,41,0,0.73,CL,1717732117
208,yushu,44.8,126.5333,23.57,51,100,8.66,CN,1717732117
209,udachny,66.4167,112.4,11.36,47,100,2.85,RU,1717732118
210,darnah,32.767,22.6367,22.82,71,0,8.35,LY,1717732118
211,morehead city,34.7229,-76.726,24.48,84,20,4.92,US,1717732118
212,playa del ingles,27.7567,-15.5787,20.78,87,51,1.34,ES,1717732118
213,el bauga,18.262,33.9081,34.36,21,1,3.59,SD,1717732118
214,shkotovo,43.3319,132.3625,16.6,94,100,4.0,RU,1717732118
215,klyuchi,52.2667,79.1667,22.39,65,100,6.2,RU,1717732118
216,fraserburgh,57.6874,-2.0184,7.84,76,91,4.37,GB,1717732119
217,sabang,5.8933,95.3214,29.53,76,100,3.51,ID,1717732119
218,agadez,19.75,10.25,31.59,17,52,5.44,NE,1717732119
219,san andres,12.5847,-81.7006,29.01,79,20,2.06,CO,1717732119
220,bikenibeu village,1.3673,173.1241,30.98,74,75,0.51,KI,1717732119
221,moses lake,47.1301,-119.2781,28.2,21,0,2.57,US,1717731983
222,nemuro,43.3236,145.575,11.18,84,4,5.8,JP,1717732119
223,launceston,-41.45,147.1667,15.08,62,84,0.7,AU,1717731883
224,sisimiut,66.9395,-53.6735,0.63,92,92,5.05,GL,1717732120
225,achit,56.7985,57.8994,18.92,81,3,1.81,RU,1717732120
226,tomatlan,19.9333,-105.25,22.62,84,3,0.79,MX,1717732120
227,saudarkrokur,65.7461,-19.6394,2.82,91,96,6.56,IS,1717732120
228,fortuna,40.5982,-124.1573,13.85,82,0,3.09,US,1717732120
229,katsuura,35.1333,140.3,22.04,67,99,4.28,JP,1717732120
230,ferntree gully,-37.8846,145.2954,16.45,72,10,1.34,AU,1717732121
231,carbonear,47.7332,-53.2148,9.12,96,100,3.78,CA,1717732121
232,liwa,24.5361,56.5656,33.01,79,0,3.09,OM,1717732121
233,wagar,16.1525,36.2032,32.35,35,0,6.53,SD,1717732121
234,ayorou,14.7308,0.9174,32.83,42,94,4.62,NE,1717732121
235,ouani,-12.1322,44.4258,25.73,70,58,4.1,KM,1717732121
236,mount pearl,47.5166,-52.7813,8.41,96,100,3.6,CA,1717732121
237,hermanus,-34.4187,19.2345,12.11,76,100,3.5,ZA,1717732122
238,kharp,66.8014,65.8081,4.84,68,95,2.85,RU,1717732122
239,pitimbu,-7.4706,-34.8086,24.33,87,72,4.36,BR,1717732122
240,merizo village,13.2658,144.6691,31.31,82,24,6.61,GU,1717732122
241,santa terezinha,-29.9002,-50.0904,18.29,92,25,1.48,BR,1717732122
242,liwale,-9.7667,37.9333,16.96,97,86,0.44,TZ,1717732122
243,santa rosa,14.3122,121.1114,31.99,79,99,1.98,PH,1717732122
244,dali,25.7,100.1833,25.53,53,15,3.15,CN,1717732123
245,sanghar,26.0466,68.9481,34.64,49,5,8.76,PK,1717732123
246,kearney,40.6995,-99.0815,22.28,52,0,3.09,US,1717732123
247,xilin hot,43.9667,116.0333,22.4,34,100,9.21,CN,1717732123
248,newman,37.3138,-121.0208,33.13,52,0,1.79,US,1717732123
249,saint-joseph,-21.3667,55.6167,20.21,79,22,6.03,RE,1717732123
250,arno,60.1167,18.6333,10.44,77,27,4.23,SE,1717732123
251,ivdel',60.6911,60.4206,12.33,98,100,1.79,RU,1717732124
252,lapai,9.05,6.5667,25.58,87,100,1.62,NG,1717732124
253,nanao,37.05,136.9667,27.11,54,98,2.32,JP,1717732124
254,san angelo,31.4638,-100.437,32.12,50,0,3.6,US,1717732124
255,omdurman,15.6445,32.4777,33.76,28,3,5.91,SD,1717732124
256,puerto ayacucho,5.6639,-67.6236,24.74,91,100,0.97,VE,1717732124
257,vilyuchinsk,52.9306,158.4028,21.15,46,70,1.51,RU,1717732125
258,la sarre,48.8002,-79.1996,11.56,94,41,2.49,CA,1717732125
259,yinzhu,35.8786,119.9753,21.89,69,77,5.33,CN,1717732125
260,tolanaro,-25.0319,46.9987,22.04,88,0,4.12,MG,1717732125
261,babruysk,53.15,29.2333,12.6,84,29,3.18,BY,1717732125
262,voinjama,8.4219,-9.7478,21.76,99,100,0.85,LR,1717732125
263,ketchikan,55.3422,-131.6461,13.26,62,20,2.57,US,1717731981
264,toliara,-23.35,43.6667,20.74,65,0,2.75,MG,1717732125
265,spas-demensk,54.4122,34.0226,14.72,94,72,3.98,RU,1717732126
266,myitkyina,25.3833,97.4,31.12,68,32,1.19,MM,1717732126
267,qeshm,26.9581,56.2719,32.93,65,0,2.88,IR,1717732126
268,valparaiso,-33.0393,-71.6273,14.44,66,0,2.57,CL,1717732011
269,seven pagodas,12.6264,80.1722,28.4,73,100,4.77,IN,1717732126
270,san patricio,28.017,-97.5169,29.97,78,42,4.18,US,1717732126
271,mount isa,-20.7333,139.5,19.27,25,0,7.21,AU,1717732126
272,ta`u,-14.2336,-169.5144,26.51,73,100,8.62,AS,1717732127
273,nova vicosa,-17.8919,-39.3719,22.65,84,0,2.2,BR,1717732127
274,quellon,-43.1167,-73.6167,10.8,92,81,5.01,CL,1717732127
275,taroa,8.7058,171.2275,28.27,78,97,7.65,MH,1717732127
276,boguchany,58.3814,97.4531,11.03,61,87,1.34,RU,1717732127
277,howrah,22.5892,88.3103,33.0,66,20,2.57,IN,1717732128
278,bhinmal,25.0,72.25,33.21,55,3,4.65,IN,1717732128
279,revda,56.801,59.9303,15.78,89,99,1.03,RU,1717732128
280,greenville,35.6127,-77.3663,23.09,94,75,2.57,US,1717732128
281,saurimo,-9.6608,20.3916,16.95,52,69,1.43,AO,1717732128
282,aasiaat,68.7098,-52.8699,-0.03,88,100,6.6,GL,1717732128
283,kismayo,-0.3582,42.5454,26.38,81,25,5.71,SO,1717732128
284,daru,-9.0763,143.2092,27.59,74,31,5.02,PG,1717732129
285,chilliwack,49.1747,-121.9443,20.17,40,31,2.06,CA,1717731486
286,tomohon,1.3346,124.8392,27.52,77,99,0.55,ID,1717732129
287,mkokotoni,-5.8767,39.2547,24.0,84,71,2.03,TZ,1717732129
288,happy valley-goose bay,53.3168,-60.3315,14.17,88,20,2.06,CA,1717732129
289,codrington,-38.2667,141.9667,14.94,67,20,3.39,AU,1717732129
290,bestobe,52.4994,73.0975,23.54,59,82,6.16,KZ,1717732129
291,kilindoni,-7.9139,39.6668,26.63,71,91,4.69,TZ,1717732129
292,gazli,40.1333,63.45,33.03,16,2,5.33,UZ,1717732130
293,rio gallegos,-51.6226,-69.2181,2.03,100,75,2.57,AR,1717732093
294,porto novo,6.4965,2.6036,25.08,92,100,2.69,BJ,1717732130
295,kirovs'k,48.6375,38.6428,18.68,78,3,5.86,UA,1717732089
296,arraial do cabo,-22.9661,-42.0278,22.14,86,89,6.63,BR,1717732130
297,galliano,29.4422,-90.2992,26.11,94,0,0.0,US,1717732130
298,fabens,31.5023,-106.1586,37.62,22,94,3.35,US,1717732130
299,semera,11.501,41.201,31.45,31,0,1.94,ET,1717732131
300,mount gambier,-37.8333,140.7667,15.43,59,0,2.25,AU,1717732131
301,verkhovazh'ye,60.7472,42.0465,17.3,73,78,0.95,RU,1717732131
302,la passe,45.5549,-0.8967,15.13,85,100,4.54,FR,1717732131
303,cambria,35.5641,-121.0808,22.41,92,47,0.89,US,1717732131
304,axim,4.8699,-2.2405,25.63,88,99,3.66,GH,1717732131
305,lebu,-37.6167,-73.65,13.45,95,100,3.49,CL,1717732131
306,la'ie,21.6477,-157.9253,28.66,81,95,0.89,US,1717732132
307,queenstown,-31.8976,26.8753,7.35,83,97,7.32,ZA,1717731608
308,trairi,-3.2778,-39.2689,24.87,91,100,4.14,BR,1717732132
309,nyurba,63.2842,118.3319,18.09,48,99,3.11,RU,1717732132
310,antofagasta,-23.65,-70.4,14.6,81,60,1.56,CL,1717732132
311,pathein,16.7833,94.7333,27.4,83,100,4.14,MM,1717732132
312,mammoth lakes,37.6485,-118.9721,21.4,31,75,4.12,US,1717732132
313,zeerust,-25.5369,26.0751,5.71,81,0,6.51,ZA,1717732132
314,yangambi,0.8102,24.4336,20.43,99,65,0.46,CD,1717732133
315,eyl,7.9803,49.8164,28.73,63,3,9.36,SO,1717732133
316,karpenisi,38.9167,21.7833,13.68,89,18,3.18,GR,1717732133
317,talnakh,69.4865,88.3972,-1.55,87,100,6.6,RU,1717732133
318,saint-pierre,-21.3393,55.4781,20.82,83,100,5.66,RE,1717732133
319,hithadhoo,-0.6,73.0833,27.97,72,11,1.62,MV,1717732133
320,vadso,70.0744,29.7487,9.09,76,20,6.69,NO,1717732133
321,lake carmel,41.4615,-73.671,20.18,97,2,1.33,US,1717732134
322,essaouira,31.5125,-9.77,19.72,88,75,2.06,MA,1717732134
323,trail,49.0998,-117.7022,15.93,63,36,1.22,CA,1717732134
324,malvan,16.0667,73.4667,27.38,79,100,2.89,IN,1717732134
325,labrador city,52.9463,-66.9114,16.77,54,0,1.03,CA,1717732134
326,patterson,37.4716,-121.1297,30.86,52,0,1.46,US,1717732134
327,erbil,36.1926,44.0106,24.9,38,0,1.03,IQ,1717732135
328,lamu,-2.2717,40.902,25.99,83,22,6.54,KE,1717732135
329,shakawe,-18.3667,21.85,7.4,34,38,2.94,BW,1717732135
330,arteche,12.2645,125.4048,31.49,62,100,4.16,PH,1717732135
331,port blair,11.6667,92.75,30.02,74,75,3.6,IN,1717732135
332,tazovsky,67.4667,78.7,0.76,93,100,6.85,RU,1717732135
333,palikir - national government center,6.9248,158.1611,30.47,79,75,6.17,FM,1717732135
334,gadzhiyevo,69.2551,33.3362,14.37,67,5,2.18,RU,1717732136
335,tralee,52.2704,-9.7026,7.93,93,37,1.82,IE,1717732136
336,banka,24.8833,86.9167,38.48,29,0,2.34,IN,1717732136
337,oriximina,-1.7656,-55.8661,24.47,91,60,1.53,BR,1717732136
338,troitskoye,52.9821,84.6757,22.53,64,41,6.26,RU,1717732136
339,conception bay south,47.4999,-52.9981,8.74,96,99,2.99,CA,1717732136
340,atafu village,-8.5421,-172.5159,28.88,75,9,4.24,TK,1717732136
341,yuzhno-kurilsk,44.0306,145.8556,14.65,63,5,4.54,RU,1717732136
342,the pas,53.8251,-101.2541,12.01,66,100,6.17,CA,1717732137
343,bamboo flat,11.7,92.7167,30.05,74,75,3.6,IN,1717732137
344,turuntayevo,52.2,107.6167,17.05,21,59,2.99,RU,1717732137
345,vila franca do campo,37.7167,-25.4333,18.27,99,96,3.0,PT,1717732137
346,port alfred,-33.5906,26.891,15.84,89,100,12.17,ZA,1717732137
347,black river,18.0264,-77.8487,26.97,86,100,2.92,JM,1717732137
348,olinda,-8.0089,-34.8553,23.85,100,100,4.12,BR,1717732138
349,ngara,-2.5122,30.6558,13.22,75,69,0.99,TZ,1717732138
350,as sulayyil,20.4607,45.5779,28.14,10,0,4.14,SA,1717732138
351,la palma,33.8464,-118.0467,24.87,85,20,4.12,US,1717732014
352,whistler,50.1164,-122.9695,15.66,77,51,0.63,CA,1717732138
353,hoemul-li,41.4339,129.67,18.6,78,100,2.64,KP,1717732138
354,mongu,-15.2484,23.1274,11.7,38,1,2.68,ZM,1717732138
355,kourou,5.1552,-52.6478,26.03,94,81,1.5,GF,1717732138
356,jinka,5.65,36.65,17.35,90,34,1.19,ET,1717732139
357,riosucio,5.4216,-75.7032,13.89,98,100,0.61,CO,1717732139
358,port lincoln,-34.7333,135.8667,14.87,62,4,1.91,AU,1717732139
359,zhalantun,48.0,122.7167,26.05,24,100,7.8,CN,1717732139
360,greymouth,-42.4667,171.2,11.45,79,88,0.67,NZ,1717732139
361,chinna salem,11.65,78.9,26.95,80,100,0.9,IN,1717732139
362,port-vila,-17.7338,168.3219,27.78,65,40,5.66,VU,1717732139
363,la maddalena,41.2142,9.4083,15.03,64,11,2.3,IT,1717732140
364,manismata,-2.4667,111.0333,30.86,66,9,1.09,ID,1717732140
365,bandon,51.7469,-8.7425,9.77,94,12,2.0,IE,1717732140
366,naze,28.3667,129.4833,25.51,85,85,5.6,JP,1717732140
367,berezovyy,51.6667,135.7,4.15,99,100,1.55,RU,1717732140
368,lata,40.1629,-8.3327,17.82,92,100,2.0,PT,1717732141
369,fontana,34.0922,-117.4351,28.38,65,0,4.12,US,1717731966
370,oberstdorf,47.4,10.2833,14.69,87,97,0.89,DE,1717732141
371,strabane,54.8237,-7.4692,8.2,83,99,4.12,GB,1717732141
372,borogontsy,62.6683,131.1683,22.59,32,97,2.65,RU,1717732141
373,acarau,-2.8856,-40.12,25.55,88,69,5.16,BR,1717732141
374,boende,-0.2167,20.8667,22.77,98,100,0.91,CD,1717732141
375,chinde,26.8418,88.0763,26.17,61,7,1.79,NP,1717732142
376,fale old settlement,-9.3852,-171.2468,28.83,76,76,6.17,TK,1717732142
377,buka,40.8108,69.1986,28.34,26,3,1.66,UZ,1717732142
378,minas de marcona,-15.2119,-75.1103,12.61,87,37,3.33,PE,1717732142
379,rudnya,54.947,31.0934,12.6,85,18,4.26,RU,1717732142
380,geraldton,-28.7667,114.6,18.0,88,100,3.37,AU,1717732143
381,monrovia,6.3005,-10.7969,24.87,87,89,2.17,LR,1717732143
382,nelson,-41.2833,173.2833,14.05,76,7,0.45,NZ,1717732143
383,chonchi,-42.6128,-73.8092,11.73,93,84,2.43,CL,1717732143
384,puerto baquerizo moreno,-0.9,-89.6,21.06,87,11,3.66,EC,1717732143
385,mar del plata,-38.0023,-57.5575,12.15,81,100,2.57,AR,1717732070
386,huarmey,-10.0681,-78.1522,18.14,86,54,2.71,PE,1717732143
387,gubkinskiy,64.434,76.5026,5.36,63,73,1.78,RU,1717732144
388,tarawa,1.419,172.984,31.05,74,75,0.51,KI,1717732144
389,rosarito,32.3333,-117.0333,18.01,85,58,1.71,MX,1717731904
390,souillac,-20.5167,57.5167,23.21,78,75,8.23,MU,1717732144
391,crieff,56.3727,-3.8389,7.38,88,100,2.37,GB,1717732144
392,nabire,-3.3667,135.4833,30.17,64,43,2.7,ID,1717732144
393,konz,49.7,6.5833,14.3,93,3,0.79,DE,1717732145
394,pechora,65.1472,57.2244,8.97,69,8,2.3,RU,1717732089
395,chui,-33.6971,-53.4616,14.82,96,98,0.86,UY,1717732145
396,presidente epitacio,-21.7633,-52.1156,19.63,56,4,2.77,BR,1717732145
397,arteaga,18.4667,-102.4167,19.47,86,6,1.81,MX,1717732145
398,elverum,60.8819,11.5623,6.16,87,85,1.39,NO,1717732145
399,juneau,58.3019,-134.4197,11.0,91,75,2.57,US,1717731959
400,rabaul,-4.1967,152.1721,28.59,74,69,2.2,PG,1717732146
401,mapleton,40.1302,-111.5785,25.54,40,0,2.06,US,1717732146
402,hampton bays,40.869,-72.5176,22.04,96,75,5.36,US,1717732146
403,namibe,-15.1961,12.1522,17.35,64,2,1.89,AO,1717732146
404,ad dilam,23.9915,47.1627,32.23,10,13,5.87,SA,1717732146
405,barra de santo antonio,-9.4047,-35.5072,24.6,86,91,3.61,BR,1717732147
406,male,4.1748,73.5089,29.97,74,75,5.14,MV,1717732147
407,egilsstadir,65.2653,-14.3948,-0.05,100,75,2.57,IS,1717732147
408,babura,12.7731,9.0158,29.63,58,93,5.1,NG,1717732147
409,talara,-4.5772,-81.2719,21.42,83,0,4.54,PE,1717732147
410,solvang,34.5958,-120.1377,18.29,80,0,2.57,US,1717732147
411,niquero,20.0431,-77.5828,25.19,92,100,4.47,CU,1717732147
412,celestun,20.8667,-90.4,27.72,83,22,6.0,MX,1717732148
413,kez,57.8979,53.7152,15.18,97,82,2.44,RU,1717732148
414,taulaga,-11.0553,-171.0883,28.58,76,53,9.99,AS,1717732148
415,konarka,19.9,86.1167,32.22,66,7,8.29,IN,1717732148
416,flying fish cove,-10.4217,105.6791,27.42,68,60,6.89,CX,1717732148
417,youhao,47.8667,128.8333,25.25,41,100,6.28,CN,1717732149
418,isabela,6.7085,121.9711,31.03,78,90,1.27,PH,1717732149
419,el granada,37.5027,-122.4694,20.59,87,75,8.23,US,1717732149
420,igarka,67.4667,86.5833,1.12,73,100,4.02,RU,1717732149
421,notodden,59.5594,9.2585,6.11,75,26,1.04,NO,1717732149
422,chibougamau,49.9168,-74.3659,22.79,53,100,5.14,CA,1717732149
423,calama,-22.4667,-68.9333,7.27,15,0,8.75,CL,1717732149
424,dhuusamarreeb,5.535,46.3861,25.78,69,0,8.05,SO,1717732150
425,porangatu,-13.4408,-49.1486,21.54,49,2,0.8,BR,1717732150
426,maintirano,-18.0667,44.0167,24.05,62,36,1.57,MG,1717732150
427,scarborough,54.2797,-0.4044,8.76,89,22,0.89,GB,1717732150
428,sitangkai,4.6628,119.3928,27.92,79,84,2.15,PH,1717732150
429,ridgecrest,35.6225,-117.6709,37.92,21,0,6.69,US,1717732150
430,jimma,7.6667,36.8333,15.46,94,76,0.16,ET,1717732150
431,guerrero negro,27.9769,-114.0611,16.79,89,37,5.67,MX,1717732151
432,roma,43.2128,-75.4557,18.74,99,40,1.54,US,1717732151
433,christchurch,-43.5333,172.6333,15.93,53,10,2.57,NZ,1717732070
434,nouadhibou,20.931,-17.0347,18.01,92,0,8.84,MR,1717732151
435,gizo,-8.103,156.8419,28.32,75,100,3.77,SB,1717732151
436,crane,31.3974,-102.3501,31.91,38,48,6.18,US,1717732151
437,madalena,41.2162,-8.3345,20.26,85,100,0.59,PT,1717732151
438,pangai,-19.8,-174.35,25.06,65,40,9.26,TO,1717732151
439,taoudenni,22.6783,-3.9836,33.83,12,41,4.47,ML,1717732152
440,westport,41.1415,-73.3579,21.42,87,100,3.6,US,1717732152
441,pandan,14.0453,124.1694,30.94,65,100,1.2,PH,1717732152
442,balkanabat,39.5108,54.3671,33.35,6,0,1.79,TM,1717732152
443,antsiranana,-12.2787,49.2917,23.42,68,20,0.0,MG,1717732152
444,weno,7.4515,151.8468,29.02,76,16,5.36,FM,1717732152
445,kargasok,59.0556,80.8572,14.42,62,96,3.58,RU,1717732153
446,uchaly,54.2996,59.4521,19.34,67,9,3.63,RU,1717732153
447,tual,-5.6667,132.75,26.48,84,55,9.89,ID,1717732153
448,seminole,28.7086,-81.2081,24.67,87,0,3.09,US,1717732153
449,mao,39.8885,4.2658,20.31,88,0,2.06,ES,1717732153
450,fort bragg,35.139,-79.006,24.95,82,75,3.09,US,1717732024
451,aykhal,66.0,111.5,11.33,44,100,3.21,RU,1717732153
452,hwange,-18.3693,26.5019,15.39,24,0,3.26,ZW,1717732153
453,wamba,8.9333,8.6,24.33,90,100,0.95,NG,1717732154
454,lewistown,40.5992,-77.5714,20.67,68,75,1.54,US,1717732154
455,kailua-kona,19.6406,-155.9956,29.22,85,40,7.2,US,1717732154
456,siniscola,40.5719,9.6922,14.75,67,26,1.17,IT,1717732154
457,arkhangel'sk,64.5401,40.5433,16.06,67,20,2.0,RU,1717732154
458,luba,3.4568,8.5547,24.94,85,100,4.63,GQ,1717732154
459,tahe,52.3333,124.7333,10.47,98,100,4.83,CN,1717732154
460,conduaga,8.862,117.4893,27.94,84,100,2.49,PH,1717732155
461,sorong,-0.8833,131.25,27.76,79,34,2.85,ID,1717732054
462,bulakamba,-6.8748,108.9559,30.96,58,9,2.56,ID,1717732155
463,leksand,60.7339,15.0032,9.54,84,22,2.6,SE,1717732155
464,xinxiang,35.3089,113.8672,32.67,28,48,3.76,CN,1717732155
465,show low,34.2542,-110.0298,25.16,19,0,3.09,US,1717731657
466,pangody,65.85,74.4859,0.87,85,97,2.32,RU,1717732155
467,vinh long,10.25,105.9667,31.99,51,100,4.52,VN,1717732156
468,gornozavodsk,58.3758,58.3211,11.27,98,100,3.71,RU,1717732156
469,chicoana,-25.1009,-65.5331,11.7,67,0,1.29,AR,1717732156
470,mchinji,-13.7984,32.8802,14.05,76,4,1.53,MW,1717732156
471,guelmim,28.987,-10.0574,15.19,94,100,4.12,MA,1717732156
472,luena,-11.7833,19.9167,15.1,63,2,1.54,AO,1717732156
473,mala,-12.6581,-76.6308,17.19,86,84,2.38,PE,1717732156
474,tierra nueva,21.6833,-100.5667,20.4,73,0,4.91,MX,1717732157
475,kaohsiung,22.6163,120.3133,30.58,77,75,3.6,TW,1717732157
476,shatsk,54.0258,41.7119,17.03,90,77,3.08,RU,1717732157
477,sulphur springs,33.1385,-95.6011,24.97,83,0,2.06,US,1717732157
478,malayer,34.2969,48.8235,13.94,58,0,2.06,IR,1717732157
479,al ghayzah,16.2079,52.176,28.99,79,46,0.64,YE,1717732157
480,callao,-12.0667,-77.15,17.62,82,100,4.12,PE,1717732157
481,oppdal,62.5943,9.6912,5.06,77,70,2.55,NO,1717732158
482,balabac,7.9868,117.0645,27.56,84,96,5.24,PH,1717732158
483,takoradi,4.8845,-1.7554,25.55,88,100,3.49,GH,1717732158
484,chos malal,-37.3781,-70.2709,9.09,82,99,2.06,AR,1717732158
485,san juanito,28.0,-107.5833,14.36,41,70,1.85,MX,1717732158
486,palasa,18.7667,84.4167,34.56,54,58,5.57,IN,1717732159
487,zaozersk,69.4005,32.4476,12.81,72,37,1.18,RU,1717732159
488,tekeli,44.83,78.8239,22.61,31,0,1.48,KZ,1717732159
489,qarqaraly,49.4058,75.4742,21.78,50,33,6.04,KZ,1717732159
490,juan griego,11.0817,-63.9655,27.23,83,20,6.65,VE,1717732159
491,macia,-25.0269,33.0989,16.71,38,0,1.61,MZ,1717732159
492,lianzhou,24.7811,112.3825,26.5,79,92,0.73,CN,1717732159
493,midvagur,62.0511,-7.1939,4.46,87,100,5.14,FO,1717732160
494,zhangjiakou,40.81,114.8794,15.86,63,99,0.75,CN,1717732160
495,merrill,45.1805,-89.6835,14.87,73,100,3.09,US,1717732160
496,ugoofaaru,5.6667,73.0,28.75,76,100,4.7,MV,1717732160
497,the woodlands,30.158,-95.4894,29.88,80,0,1.54,US,1717732161
498,sinabang,2.4803,96.3801,30.34,69,100,3.12,ID,1717732161
499,tutoia,-2.7619,-42.2744,26.08,88,100,4.01,BR,1717732161
500,bubaque,11.2833,-15.8333,26.49,74,100,1.82,GW,1717732161
501,maudaha,25.6833,80.1167,41.12,16,0,2.14,IN,1717732161
502,qamdo,31.1667,97.2333,16.29,33,16,2.04,CN,1717732161
503,mor,47.3779,18.2035,18.06,81,30,0.94,HU,1717732161
504,tachov,49.7953,12.6337,13.55,93,50,1.8,CZ,1717732162
505,basoko,1.2391,23.616,21.58,95,81,0.84,CD,1717732162
506,sirsa,29.5333,75.0167,37.83,27,4,1.13,IN,1717732162
507,timimoun,29.2639,0.231,31.21,8,0,4.63,DZ,1717732162
508,neryungri,56.6709,124.6491,14.55,33,43,3.17,RU,1717732162
509,port arthur,38.8,121.2667,21.12,75,100,4.55,CN,1717732162
510,bishkek,42.87,74.59,25.11,23,1,1.69,KG,1717731902
511,mahina,-17.5065,-149.489,26.87,74,75,4.12,PF,1717732163
512,covasna,45.85,26.1833,18.82,76,1,1.19,RO,1717732163
513,sidrolandia,-20.9319,-54.9614,19.18,49,0,2.3,BR,1717732163
514,heves,47.6,20.2833,16.6,77,73,1.67,HU,1717732163
515,kayangel,8.0823,134.7173,28.65,76,91,4.02,PW,1717732163
516,vada,51.97,5.6667,9.97,92,9,2.18,NL,1717732163
517,tevriz,57.509,72.4042,16.85,72,99,2.45,RU,1717732164
518,whangarei,-35.7317,174.3239,15.44,90,100,1.38,NZ,1717732164
519,obo,5.3998,26.4869,20.07,98,100,1.55,CF,1717732164
520,flin flon,54.7682,-101.865,4.02,87,100,4.01,CA,1717732164
521,san luis ixcan,15.7872,-91.095,23.42,97,91,2.53,GT,1717732164
522,aripuana,-9.1667,-60.6333,25.95,55,65,1.13,BR,1717732164
523,ryotsu-minato,38.0833,138.4333,20.2,61,100,2.41,JP,1717732165
524,penjamo,20.4333,-101.7333,24.6,30,82,1.91,MX,1717732165
525,cambridge,43.3601,-80.3127,16.6,88,0,2.57,CA,1717732165
526,ihsaniye,40.6909,29.8347,21.21,100,44,3.46,TR,1717732165
527,wrzesnia,52.3251,17.5652,14.28,87,58,1.66,PL,1717732165
528,golfito,8.639,-83.166,21.98,99,100,1.01,CR,1717732165
529,bertoua,4.5833,13.6833,20.01,99,81,1.29,CM,1717732165
530,jayapura,-2.5333,140.7,31.66,75,64,1.58,ID,1717732166
531,oranjemund,-28.55,16.4333,12.56,90,0,2.31,NA,1717732166
532,shenjiamen,29.9576,122.298,20.63,88,98,2.68,CN,1717732166
533,devoto,-31.4043,-62.3063,17.83,82,69,2.44,AR,1717732166
534,bengkulu,-3.8004,102.2655,29.23,70,10,2.16,ID,1717732166
535,bukoba,-1.3317,31.8122,20.04,78,60,2.15,TZ,1717732166
536,haiku-pauwela,20.9219,-156.3051,27.32,76,20,8.23,US,1717732166
537,bodaybo,57.8506,114.1933,3.28,100,100,0.5,RU,1717732166
538,kasongo-lunda,-6.4667,16.8167,18.98,83,21,0.34,CD,1717732167
539,medvezh'yegorsk,62.9167,34.4667,16.72,62,89,1.07,RU,1717732167
540,constantia,44.1833,28.65,18.38,77,0,0.7,RO,1717732167
541,sungai penuh,-2.0833,101.3833,27.48,58,69,1.97,ID,1717732167
542,inderbor,48.55,51.7833,26.74,40,54,6.54,KZ,1717732167
543,khanty-mansiysk,61.0042,69.0019,14.06,58,0,3.0,RU,1717732167
544,aral,40.5156,81.2636,26.54,22,100,2.06,CN,1717732167
545,punta del este,-34.9667,-54.95,11.04,98,100,1.03,UY,1717732168
546,karagandy,49.8019,73.1021,22.97,60,93,4.56,KZ,1717732168
547,sandnessjoen,66.0217,12.6316,10.23,81,75,1.03,NO,1717732168
548,nagqu,31.5,92.0,11.35,50,72,4.77,CN,1717732168
549,isla mujeres,21.2311,-86.731,30.09,87,0,3.9,MX,1717732168
550,salalah,17.0151,54.0924,30.05,84,75,3.6,OM,1717732168
551,kayes,14.0,-11.0,32.3,37,80,8.17,ML,1717732168
552,tiflet,33.8947,-6.3065,16.33,90,89,2.79,MA,1717732169
553,ad darb,17.7229,42.2526,31.43,56,0,1.9,SA,1717732169
554,north lakhimpur,27.2333,94.1167,32.05,74,40,1.03,IN,1717732169
555,lambesc,43.6531,5.2628,18.69,77,0,1.03,FR,1717732169
556,mangrol,21.1167,70.1167,30.84,65,0,5.42,IN,1717732169
557,touros,-5.1989,-35.4608,23.98,93,82,3.98,BR,1717732169
558,jaguaruna,-28.615,-49.0256,18.38,92,22,1.44,BR,1717732170
559,pokhara,28.2333,83.9833,27.35,50,27,2.15,NP,1717732170
560,villa gesell,-37.2639,-56.973,8.92,82,100,4.3,AR,1717732170
561,pachino,36.7186,15.0907,20.61,73,0,0.79,IT,1717732170
562,katsuren-haebaru,26.3369,127.8719,27.21,74,75,6.69,JP,1717732170
563,valdez,1.2492,-78.9831,25.81,83,89,2.59,EC,1717732171
564,aldan,58.6031,125.3894,14.87,32,0,6.5,RU,1717732171
565,rikaze,29.25,88.8833,16.63,27,17,1.47,CN,1717732171
566,sa dec,10.3,105.7667,31.99,51,100,4.42,VN,1717732171
567,chornobayivka,46.6941,32.5537,20.3,61,0,3.02,UA,1717732171
568,falmouth,50.1544,-5.0711,12.5,87,6,1.54,GB,1717732171
569,hammerfest,70.6634,23.6821,18.25,59,81,2.57,NO,1717732064
570,ciudad lazaro cardenas,17.9583,-102.2,24.81,82,10,2.35,MX,1717732172
571,batang,-6.4846,110.7083,30.27,63,30,3.44,ID,1717732172
572,alcala de xivert,40.258,0.2689,21.05,53,53,0.89,ES,1717732172
